Space,Fatalities,Injured
Closed,49.7398543,50.2601
Open,21.5384615,78.4615
Open And Closed,65.6716418,34.3284
Not Specified,53.5,46.5